feature,coef
last7_buy,0.2291725238695808
last7_click,0.12738010245094064
last7_fav,0.0473443809817153
