feature,coef
last7_buy,0.22755923541223996
last7_click,0.1526074419881093
last7_fav,0.04308485168087604
